<?xml version="1.0" encoding="UTF-8"?>
<extension version="3.9" type="plugin" group="vmpayment" method="upgrade">
    <name>VM Payment - Novalnet iDEAL</name>
    <creationDate>November 20 2019</creationDate>
    <author>Novalnet AG</author>
    <authorUrl>https://www.novalnet.de</authorUrl>
    <authorEmail>technic@novalnet.de</authorEmail>
    <url>https://www.novalnet.de</url>
    <copyright>Copyright (c) Novalnet. All rights reserved.</copyright>
    <license>https://www.novalnet.de/payment-plugins/kostenlos/lizenz</license>
    <version>11.3.0</version>
    <description><![CDATA[<a href="https:/www.novalnet.de" target="_blank">Novalnet</a>]]></description>
    <files>
        <filename plugin="novalnet_ideal">novalnet_ideal.php</filename>
        <folder>novalnet_ideal</folder>
    </files>
    <vmconfig>
        <fields name="params">
            <fieldset name="basic" addfieldpath="/plugins/vmpayment/novalnet_ideal/novalnet_ideal/fields">
                <field type="novalnetideal" id="Novalnet_ideal" />
            </fieldset>
            <fieldset name="basic" addfieldpath="/plugins/vmpayment/novalnet_ideal/fields">
                <field name="nn_test_mode" type="radio" default="0" label="VMPAYMENT_NOVALNET_ADMIN_TEST_MODE" description="VMPAYMENT_NOVALNET_TEST_MODE_DESCRIPTION">
                    <option value="0">JNO</option>
                    <option value="1">JYES</option>
                </field>
                <field name="nn_payment_logos" type="vmfiles" multiple="true" label="VMPAYMENT_NOVALNET_ADMIN_LOGOS" description="VMPAYMENT_NOVALNET_ADMIN_LOGOS_DESC" directory="/plugins/vmpayment/novalnet_payment/novalnet_payment/assets/images" default="defaul" hide_default="1" hide_none="1" stripext="0" exclude="^_" />
                <field name="nn_end_customer" type="text" label="VMPAYMENT_NOVALNET_ADMIN_END_CUSTOMER_INFO" description="VMPAYMENT_NOVALNET_ADMIN_END_CUSTOMER_INFO_DESC" />
                <field type="vmtitle" default="VMPAYMENT_NOVALNET_ADMIN_ORDER_STATUS_PARAMS" level="level1" />
                <field name="nn_order_status" type="vmorderstate" scope="com_virtuemart" default="C" label="VMPAYMENT_NOVALNET_ADMIN_ORDER_STATUS" />
                <field type="vmtitle" default="VMPAYMENT_NOVALNET_ADMIN_PAYMENT_RESTRICTIONS" level="level1" />
                <field name="countries" type="vmcountries" multiple="true" scope="com_virtuemart" default="" label="VMPAYMENT_NOVALNET_ADMIN_COUNTRIES" description="VMPAYMENT_NOVALNET_ADMIN_COUNTRIES_DESC" />
                <field name="min_amount" type="text" label="VMPAYMENT_NOVALNET_ADMIN_MIN_AMOUNT" description="VMPAYMENT_NOVALNET_ADMIN_MIN_AMOUNT_DESC" />
                <field name="max_amount" type="text" label="VMPAYMENT_NOVALNET_ADMIN_MAX_AMOUNT" description="VMPAYMENT_NOVALNET_ADMIN_MAX_AMOUNT_DESC" />
                <field type="spacer" default="" level="level1" />
                <field type="vmtitle" default="VMPAYMENT_NOVALNET_ADMIN_DISCOUNTS_AND_FEES" level="level1" />
                <field name="cost_per_transaction" type="text" label="VMPAYMENT_NOVALNET_ADMIN_COST_PER_TRANSACTION" description="VMPAYMENT_NOVALNET_ADMIN_COST_PER_TRANSACTION_DESC" />
                <field name="cost_percent_total" type="text" label="VMPAYMENT_NOVALNET_ADMIN_COST_PERCENT_TOTAL" description="VMPAYMENT_NOVALNET_ADMIN_COST_PERCENT_TOTAL_DESC" />
                <field name="tax_id" type="vmtaxes" scope="com_virtuemart" label="VMPAYMENT_NOVALNET_ADMIN_TAX" description="VMPAYMENT_NOVALNET_ADMIN_TAX_DESC" />
            </fieldset>
        </fields>
    </vmconfig>
</extension>
